Column1;Column2;Column3;Column4;;
model;question;answer;commentaire;;
ministral-3b-latest;Quels sont les deux types principaux de paysages montagneux en Corse, et quelles caractéristiques géologiques les distinguent-ils ?;La Corse granitique, située à l'ouest et au sud, présente des paysages alpins avec des altitudes élevées et des sommets acérés. En revanche, la Corse schisteuse au nord-est offre des paysages plus doux, avec des sommets arrondis comme le massif du San Pedrone.;La réponse est très proche d'un paragraphe du texte. La question est pertinente.;;
ministral-3b-latest;Comment la géographie de la Corse a-t-elle influencé la perception historique et géopolitique de l'île par rapport à l'Italie continentale ?;"La ligne de crêtes granitiques a divisé la Corse en deux parties : la ""Corse de l'au-delà des monts"" (Banda di Fuori, ouest) perçue comme sauvage et peu connue, et la ""Corse de l'en-deçà des monts"" (Banda di Dentro, est), considérée comme une partie intégrante de l'Italie. Cette vision est illustrée par des cartes anciennes et des descriptions comme celles de Jean Reynaud au XIXe siècle.";Idem;;
ministral-3b-latest;Quels étaient les défis majeurs rencontrés par l'État corse pour aménager son territoire au XIXe siècle, et quelles solutions a-t-il mis en place pour les surmonter ?;Les défis étaient principalement liés à la topographie montagneuse et difficile d'accès. Pour répondre à ces contraintes, l'État a développé un réseau routier hiérarchisé, incluant des routes nationales (RN), des routes forestières, départementales et vicinales. Bien que le projet ferroviaire initial ait été abandonné, le réseau ferré actuel reliant Bastia, Ajaccio, la Balagne et la plaine orientale a été progressivement établi à la fin du XIXe siècle.;Idem;;
mistral-small-latest;Quels sont les deux grands types de paysages montagneux que l'on trouve en Corse ?;La Corse granitique à l'ouest et au sud présente des paysages altiers, véritablement alpins, tandis qu'au nord-est la Corse schisteuse et géologiquement alpine propose des paysages plus doux, avec leurs sommets arrondis comme le massif du San Pedrone.;Question identique à celle de ministral-3b;;
mistral-small-latest;Comment la ligne de crêtes de la Corse granitique structure-t-elle la géographie insulaire ?;"La ligne de crêtes de la Corse granitique structure la géographie insulaire en opposant une ""Corse de l'au-delà des monts"" à l'ouest (Di qua da li monti ou Pumonti) à une ""Corse de l'en decà des monts"" à l'est (Di là da li monti ou Cismonte).";Idem. Ne précise pas les citations d'auteur.;;
mistral-small-latest;Quelle était la vision de la Corse depuis l'Italie continentale selon la carte manuscrite du Florentin Cristoforo Buondelmonte ?;La Corse orientale était considérée comme une portion du monde italien, avec une grande quantité de lieux de peuplement détaillés pour la Corse tyrrhénienne, tandis que l'Ouest restait une terra incognita.;La mention de l'auteur n'est pas nécessaire, réponse proche d'un paragraphe du texte.;;
mistral-medium-latest;Quels sont les deux grands types de paysages montagneux présents en Corse et quelles sont leurs caractéristiques principales ?;"La Corse présente deux grands types de paysages montagneux : 1) La Corse granitique à l'ouest et au sud, caractérisée par des paysages altiers et alpins avec des sommets élevés ; 2) La Corse schisteuse au nord-est, géologiquement alpine, qui offre des paysages plus doux avec des sommets arrondis comme le massif du San Pedrone.";Question identique à celle de ministral-3b;;
mistral-medium-latest;Comment la ligne de crêtes de la Corse granitique influence-t-elle la géographie insulaire et quelles expressions locales illustrent cette division ?;"La ligne de crêtes de la Corse granitique divise l'île en deux parties distinctes : la ""Corse de l'au-delà des monts"" à l'ouest (Di qua da li monti ou Pumonti) et la ""Corse de l'en deçà des monts"" à l'est (Di là da li monti ou Cismonte). Cette division est également reflétée par les termes italiens Banda di Dentro et Banda di Fuori, qui traduisent une représentation italocentrée de l'île.";Il aurait été pertinent de récupérer l'information expliquant qu'au XIXe siècle, la partie nord-est était bien plus peuplée que la partie sud;;
mistral-medium-latest;Quelles mesures l'État a-t-il prises au XIXe siècle pour améliorer les voies de communication en Corse et quels ont été les résultats concrets de ces efforts ?;Au XIXe siècle, l'État a mis en place un réseau de routes carrossables pour desservir les communautés de l'île, incluant des routes nationales, forestières, départementales et vicinales. Malgré ces efforts, le projet ferroviaire corso-sarde n'a abouti qu'à la fin du XIXe siècle avec la création du trinichellu, reliant Bastia, Ajaccio, la Balagne et la Plaine orientale.;Question et réponses pertinentes;;
mistral-large-latest;Quels sont les deux grands types de paysages montagneux en Corse et quelles caractéristiques géologiques les distinguent ?;"La Corse présente deux grands types de paysages montagneux : 
1. **La Corse granitique**, située à l'ouest et au sud, qui se caractérise par des paysages altiers et alpins, avec des sommets élevés et des cols enneigés difficiles à franchir. 
2. **La Corse schisteuse**, située au nord-est, qui offre des paysages plus doux, avec des sommets arrondis comme ceux du massif du San Pedrone. Ces différences s'expliquent par la nature géologique distincte des deux régions.";Question identique à celle de ministral-3b. La réponse est sensiblement identique également.;;
mistral-large-latest;Pourquoi peut-on dire que la Corse a une configuration « archipélagique » ? Expliquez cette notion en vous appuyant sur le texte.;La Corse est décrite comme ayant une configuration « archipélagique » ou « d'îles dans l'île » en raison de son relief montagneux qui constitue un obstacle majeur aux voies de communication. Ce relief crée des isolats géographiques, correspondant aux anciennes **pieves ecclésiastiques** (paroisses historiques), qui forment des unités territoriales distinctes et relativement autonomes. Ces difficultés d'accès et d'interconnexion donnent l'impression que chaque vallée ou région forme une petite « île » au sein de l'île principale.;Question très intéressante.;;
mistral-large-latest;Comment la partition géographique de la Corse (Di qua da li monti et Di là da li monti) a-t-elle influencé la perception et l'aménagement du territoire au XIXe siècle ?;"La partition géographique de la Corse en deux grandes zones, **Di qua da li monti** (ou Pumonti, à l'ouest) et **Di là da li monti** (ou Cismonte, à l'est), a profondément marqué la perception et l'aménagement du territoire. 

- **Perception** : Cette division a renforcé une représentation contrastée de l'île, avec une **Corse orientale** (Cismonte) perçue comme plus féconde, plus peuplée et plus accessible, tandis que la **Corse occidentale** (Pumonti) était considérée comme sauvage, escarpée et difficile d'accès. Cette vision était déjà présente dans les cartes anciennes, comme celle du Florentin Cristoforo Buondelmonte, qui détaillait davantage la Corse tyrrhénienne (est) que l'ouest, qualifié de *terra incognita*. 

- **Aménagement** : Au XIXe siècle, l'État a tenté de surmonter ces contraintes orographiques en développant un **réseau de routes carrossables** (routes nationales, départementales et vicinales) pour désenclaver les communautés. Cependant, malgré des projets ambitieux comme le réseau ferroviaire *trinichellu*, l'aménagement est resté limité en raison des difficultés géographiques et du déclin économique de l'île.";Réponse longue et structurée, mélange de deux questions générées par des modèles plus petits.;;
